{
  "project_info": {
    "project_number": "992853212124",
    "project_id": "bdusuario-gds341",
    "storage_bucket": "bdusuario-gds341.appspot.com"
  },
  "client": [
    {
      "client_info": {
        "mobilesdk_app_id": "1:992853212124:android:5cd6e8690cb2b154a6ad19",
        "android_client_info": {
          "package_name": "mx.edu.utng.appfirebasegds0341"
        }
      },
      "oauth_client": [
        {
          "client_id": "992853212124-puapllau7m1lc8ns98gmr7bd8pdk86dk.apps.googleusercontent.com",
          "client_type": 3
        }
      ],
      "api_key": [
        {
          "current_key": "AIzaSyBuispsGBLC54KiAog4k7IXFmRtjKdZrAA"
        }
      ],
      "services": {
        "appinvite_service": {
          "other_platform_oauth_client": [
            {
              "client_id": "992853212124-puapllau7m1lc8ns98gmr7bd8pdk86dk.apps.googleusercontent.com",
              "client_type": 3
            }
          ]
        }
      }
    }
  ],
  "configuration_version": "1"
}